BioRep,Genome,AA,CCA,CC
1,Mitochondrial,Asn,10181,2859
1,Mitochondrial,Asp,775,423
1,Mitochondrial,Cys,8269,5779
1,Mitochondrial,Gln,252,149
1,Mitochondrial,Glu,1033,1042
1,Mitochondrial,Gly,2740,1257
1,Mitochondrial,His,2262,1378
1,Mitochondrial,Ile,170,168
1,Mitochondrial,Lys,276,257
1,Mitochondrial,Pro,569,178
1,Mitochondrial,Ser,1726,604
1,Mitochondrial,Trp,32,19
1,Mitochondrial,Tyr,975,750
1,Mitochondrial,Met(e),205,146
1,Mitochondrial,Met(i),224,71
1,Nuclear,Asn,39089,27391
1,Nuclear,Asp,126139,79411
1,Nuclear,Cys,11450,6058
1,Nuclear,Gln,34398,28336
1,Nuclear,Glu,41779,18517
1,Nuclear,Gly,151352,111379
1,Nuclear,His,17122,19800
1,Nuclear,Ile,57520,69263
1,Nuclear,Lys,158808,70582
1,Nuclear,Pro,31273,15349
1,Nuclear,Ser,70842,56752
1,Nuclear,Trp,133862,206953
1,Nuclear,Tyr,145031,54951
1,Nuclear,Met(e),23172,25485
1,Nuclear,Met(i),1061,899
1,Nuclear,Ala,141002,166706
1,Nuclear,Arg,239932,181241
1,Nuclear,Leu,152755,129206
1,Nuclear,Phe,48715,47659
1,Nuclear,Thr,63142,52301
1,Nuclear,Val,26802,30529
1,Plastid,Asn,78684,24145
1,Plastid,Asp,12755,7780
1,Plastid,Cys,18795,6347
1,Plastid,Gln,53985,24139
1,Plastid,Glu,52488,23536
1,Plastid,Gly,16712,5740
1,Plastid,His,58672,30493
1,Plastid,Ile,23802,24756
1,Plastid,Lys,6185,5381
1,Plastid,Pro,3442,2565
1,Plastid,Ser,21505,8053
1,Plastid,Trp,2422,1814
1,Plastid,Tyr,71492,41979
1,Plastid,Met(e),5181,3992
1,Plastid,Met(i),2304,921
1,Plastid,Ala,26332,23132
1,Plastid,Arg,65340,57848
1,Plastid,Leu,41154,21148
1,Plastid,Phe,30781,16348
1,Plastid,Thr,29267,13030
1,Plastid,Val,11851,7789
2,Mitochondrial,Asn,46235,13996
2,Mitochondrial,Asp,6164,4352
2,Mitochondrial,Cys,25872,17896
2,Mitochondrial,Gln,1561,714
2,Mitochondrial,Glu,4443,5962
2,Mitochondrial,Gly,9246,4375
2,Mitochondrial,His,13970,8126
2,Mitochondrial,Ile,951,574
2,Mitochondrial,Lys,1601,1371
2,Mitochondrial,Pro,2105,779
2,Mitochondrial,Ser,9894,3467
2,Mitochondrial,Trp,67486,47747
2,Mitochondrial,Tyr,5934,3753
2,Mitochondrial,Met(e),1672,1051
2,Mitochondrial,Met(i),909,200
2,Nuclear,Asn,190991,149957
2,Nuclear,Asp,705312,488418
2,Nuclear,Cys,47359,25919
2,Nuclear,Gln,273510,237917
2,Nuclear,Glu,310262,146704
2,Nuclear,Gly,701394,499053
2,Nuclear,His,64183,72897
2,Nuclear,Ile,228531,284247
2,Nuclear,Lys,581611,336474
2,Nuclear,Pro,300229,132898
2,Nuclear,Ser,256757,239413
2,Nuclear,Trp,377733,636792
2,Nuclear,Tyr,494217,191180
2,Nuclear,Met(e),95924,107417
2,Nuclear,Met(i),5020,4258
2,Nuclear,Ala,434247,554956
2,Nuclear,Arg,844262,671326
2,Nuclear,Leu,678952,613517
2,Nuclear,Phe,128726,131869
2,Nuclear,Thr,363350,331679
2,Nuclear,Val,115587,135560
2,Plastid,Asn,308720,95233
2,Plastid,Asp,123415,89237
2,Plastid,Cys,117084,38417
2,Plastid,Gln,137805,60024
2,Plastid,Glu,420972,186917
2,Plastid,Gly,149047,51767
2,Plastid,His,411185,208339
2,Plastid,Ile,213418,220008
2,Plastid,Lys,28200,23851
2,Plastid,Pro,32216,19260
2,Plastid,Ser,212347,73199
2,Plastid,Trp,14059,10241
2,Plastid,Tyr,290267,161696
2,Plastid,Met(e),40984,28656
2,Plastid,Met(i),13645,5959
2,Plastid,Ala,203492,189598
2,Plastid,Arg,238399,209271
2,Plastid,Leu,296883,166317
2,Plastid,Phe,101864,51467
2,Plastid,Thr,207573,92788
2,Plastid,Val,43263,25909
3,Mitochondrial,Asn,28074,9629
3,Mitochondrial,Asp,4163,4640
3,Mitochondrial,Cys,11886,11546
3,Mitochondrial,Gln,993,568
3,Mitochondrial,Glu,3167,5585
3,Mitochondrial,Gly,3381,2515
3,Mitochondrial,His,7624,5792
3,Mitochondrial,Ile,432,347
3,Mitochondrial,Lys,1045,1050
3,Mitochondrial,Pro,1136,430
3,Mitochondrial,Ser,5487,2167
3,Mitochondrial,Trp,155,120
3,Mitochondrial,Tyr,3003,2328
3,Mitochondrial,Met(e),1121,714
3,Mitochondrial,Met(i),578,189
3,Nuclear,Asn,73166,86216
3,Nuclear,Asp,290487,363346
3,Nuclear,Cys,22304,18309
3,Nuclear,Gln,160359,209520
3,Nuclear,Glu,225226,138124
3,Nuclear,Gly,338838,333478
3,Nuclear,His,34245,49706
3,Nuclear,Ile,105360,175182
3,Nuclear,Lys,255899,260640
3,Nuclear,Pro,265097,124988
3,Nuclear,Ser,113864,168473
3,Nuclear,Trp,208383,455014
3,Nuclear,Tyr,238273,130947
3,Nuclear,Met(e),44408,65770
3,Nuclear,Met(i),2811,3203
3,Nuclear,Ala,208422,380002
3,Nuclear,Arg,357032,440503
3,Nuclear,Leu,325292,419771
3,Nuclear,Phe,55907,79484
3,Nuclear,Thr,222601,281351
3,Nuclear,Val,56262,93517
3,Plastid,Asn,183500,66389
3,Plastid,Asp,89279,99781
3,Plastid,Cys,57967,27110
3,Plastid,Gln,65016,38563
3,Plastid,Glu,293399,162550
3,Plastid,Gly,113340,45234
3,Plastid,His,234115,147797
3,Plastid,Ile,165640,210068
3,Plastid,Lys,17554,19211
3,Plastid,Pro,26973,16642
3,Plastid,Ser,159597,62175
3,Plastid,Trp,8296,6887
3,Plastid,Tyr,168422,117653
3,Plastid,Met(e),29963,18691
3,Plastid,Met(i),8420,4400
3,Plastid,Ala,127524,154835
3,Plastid,Arg,109832,122824
3,Plastid,Leu,201088,147051
3,Plastid,Phe,48601,31026
3,Plastid,Thr,133220,79048
3,Plastid,Val,24406,14815