Gene,Position,Depth,RefBase,MapStatus,ReadCount
ccmC t-element,1,219,G,Reference,219
ccmC t-element,2,221,C,Reference,220
ccmC t-element,3,221,A,Reference,220
ccmC t-element,4,221,T,Reference,219
ccmC t-element,5,221,C,Reference,221
ccmC t-element,6,221,C,Reference,221
ccmC t-element,7,221,A,Reference,221
ccmC t-element,8,221,T,Reference,221
ccmC t-element,9,221,G,Reference,221
ccmC t-element,10,221,G,Reference,221
ccmC t-element,11,221,C,Reference,221
ccmC t-element,12,221,T,Reference,221
ccmC t-element,13,221,G,Reference,221
ccmC t-element,14,225,A,Reference,225
ccmC t-element,15,225,A,Reference,225
ccmC t-element,16,225,T,Reference,225
ccmC t-element,17,232,G,Reference,232
ccmC t-element,18,234,G,Reference,234
ccmC t-element,19,234,T,Reference,234
ccmC t-element,20,234,T,Reference,234
ccmC t-element,21,234,A,Reference,234
ccmC t-element,22,234,A,Reference,233
ccmC t-element,23,235,A,Reference,235
ccmC t-element,24,235,G,Reference,235
ccmC t-element,25,235,C,Reference,235
ccmC t-element,26,253,G,Reference,124
ccmC t-element,27,254,C,Reference,254
ccmC t-element,28,255,C,Reference,255
ccmC t-element,29,255,C,Reference,254
ccmC t-element,30,255,A,Reference,255
ccmC t-element,31,256,A,Reference,255
ccmC t-element,32,256,C,Reference,256
ccmC t-element,33,256,C,Reference,250
ccmC t-element,34,256,T,Reference,248
ccmC t-element,35,257,A,Reference,255
ccmC t-element,36,281,A,Reference,268
ccmC t-element,37,288,T,Reference,262
ccmC t-element,38,289,A,Reference,285
ccmC t-element,39,289,A,Reference,288
ccmC t-element,40,286,A,Reference,283
ccmC t-element,41,284,G,Reference,284
ccmC t-element,42,284,A,Reference,284
ccmC t-element,43,284,G,Reference,284
ccmC t-element,44,284,G,Reference,284
ccmC t-element,45,282,C,Reference,281
ccmC t-element,46,273,A,Reference,273
ccmC t-element,47,264,A,Reference,264
ccmC t-element,50,264,G,Reference,264
ccmC t-element,51,264,T,Reference,264
ccmC t-element,52,263,A,Reference,262
ccmC t-element,53,263,G,Reference,263
ccmC t-element,54,263,G,Reference,263
ccmC t-element,55,263,T,Reference,263
ccmC t-element,56,263,T,Reference,263
ccmC t-element,57,263,C,Reference,259
ccmC t-element,58,263,G,Reference,263
ccmC t-element,59,263,A,Reference,263
ccmC t-element,60,263,T,Reference,263
ccmC t-element,61,263,T,Reference,263
ccmC t-element,62,263,C,Reference,263
ccmC t-element,63,263,C,Reference,263
ccmC t-element,64,263,T,Reference,263
ccmC t-element,65,142,G,Reference,142
ccmC t-element,66,142,C,Reference,142
ccmC t-element,67,142,T,Reference,142
ccmC t-element,68,142,G,Reference,142
ccmC t-element,69,142,G,Reference,142
ccmC t-element,70,142,A,Reference,141
ccmC t-element,71,142,T,Reference,142
ccmC t-element,72,142,G,Reference,142
ccmC t-element,73,139,C,Reference,139
ccmC t-element,74,136,A,Reference,132
ccmC t-element,75,136,C,Reference,135
ccmC t-element,76,124,C,Reference,120
ccmC t-element,77,90,A,Reference,90
ccmC t-element,1,219,G,A_Mismatch,0
ccmC t-element,2,221,C,A_Mismatch,1
ccmC t-element,3,221,A,A_Mismatch,0
ccmC t-element,4,221,T,A_Mismatch,2
ccmC t-element,5,221,C,A_Mismatch,0
ccmC t-element,6,221,C,A_Mismatch,0
ccmC t-element,7,221,A,A_Mismatch,0
ccmC t-element,8,221,T,A_Mismatch,0
ccmC t-element,9,221,G,A_Mismatch,0
ccmC t-element,10,221,G,A_Mismatch,0
ccmC t-element,11,221,C,A_Mismatch,0
ccmC t-element,12,221,T,A_Mismatch,0
ccmC t-element,13,221,G,A_Mismatch,0
ccmC t-element,14,225,A,A_Mismatch,0
ccmC t-element,15,225,A,A_Mismatch,0
ccmC t-element,16,225,T,A_Mismatch,0
ccmC t-element,17,232,G,A_Mismatch,0
ccmC t-element,18,234,G,A_Mismatch,0
ccmC t-element,19,234,T,A_Mismatch,0
ccmC t-element,20,234,T,A_Mismatch,0
ccmC t-element,21,234,A,A_Mismatch,0
ccmC t-element,22,234,A,A_Mismatch,0
ccmC t-element,23,235,A,A_Mismatch,0
ccmC t-element,24,235,G,A_Mismatch,0
ccmC t-element,25,235,C,A_Mismatch,0
ccmC t-element,26,253,G,A_Mismatch,3
ccmC t-element,27,254,C,A_Mismatch,0
ccmC t-element,28,255,C,A_Mismatch,0
ccmC t-element,29,255,C,A_Mismatch,1
ccmC t-element,30,255,A,A_Mismatch,0
ccmC t-element,31,256,A,A_Mismatch,0
ccmC t-element,32,256,C,A_Mismatch,0
ccmC t-element,33,256,C,A_Mismatch,5
ccmC t-element,34,256,T,A_Mismatch,1
ccmC t-element,35,257,A,A_Mismatch,0
ccmC t-element,36,281,A,A_Mismatch,0
ccmC t-element,37,288,T,A_Mismatch,21
ccmC t-element,38,289,A,A_Mismatch,0
ccmC t-element,39,289,A,A_Mismatch,0
ccmC t-element,40,286,A,A_Mismatch,0
ccmC t-element,41,284,G,A_Mismatch,0
ccmC t-element,42,284,A,A_Mismatch,0
ccmC t-element,43,284,G,A_Mismatch,0
ccmC t-element,44,284,G,A_Mismatch,0
ccmC t-element,45,282,C,A_Mismatch,0
ccmC t-element,46,273,A,A_Mismatch,0
ccmC t-element,47,264,A,A_Mismatch,0
ccmC t-element,50,264,G,A_Mismatch,0
ccmC t-element,51,264,T,A_Mismatch,0
ccmC t-element,52,263,A,A_Mismatch,0
ccmC t-element,53,263,G,A_Mismatch,0
ccmC t-element,54,263,G,A_Mismatch,0
ccmC t-element,55,263,T,A_Mismatch,0
ccmC t-element,56,263,T,A_Mismatch,0
ccmC t-element,57,263,C,A_Mismatch,4
ccmC t-element,58,263,G,A_Mismatch,0
ccmC t-element,59,263,A,A_Mismatch,0
ccmC t-element,60,263,T,A_Mismatch,0
ccmC t-element,61,263,T,A_Mismatch,0
ccmC t-element,62,263,C,A_Mismatch,0
ccmC t-element,63,263,C,A_Mismatch,0
ccmC t-element,64,263,T,A_Mismatch,0
ccmC t-element,65,142,G,A_Mismatch,0
ccmC t-element,66,142,C,A_Mismatch,0
ccmC t-element,67,142,T,A_Mismatch,0
ccmC t-element,68,142,G,A_Mismatch,0
ccmC t-element,69,142,G,A_Mismatch,0
ccmC t-element,70,142,A,A_Mismatch,0
ccmC t-element,71,142,T,A_Mismatch,0
ccmC t-element,72,142,G,A_Mismatch,0
ccmC t-element,73,139,C,A_Mismatch,0
ccmC t-element,74,136,A,A_Mismatch,0
ccmC t-element,75,136,C,A_Mismatch,0
ccmC t-element,76,124,C,A_Mismatch,4
ccmC t-element,77,90,A,A_Mismatch,0
ccmC t-element,1,219,G,C_Mismatch,0
ccmC t-element,2,221,C,C_Mismatch,0
ccmC t-element,3,221,A,C_Mismatch,1
ccmC t-element,4,221,T,C_Mismatch,0
ccmC t-element,5,221,C,C_Mismatch,0
ccmC t-element,6,221,C,C_Mismatch,0
ccmC t-element,7,221,A,C_Mismatch,0
ccmC t-element,8,221,T,C_Mismatch,0
ccmC t-element,9,221,G,C_Mismatch,0
ccmC t-element,10,221,G,C_Mismatch,0
ccmC t-element,11,221,C,C_Mismatch,0
ccmC t-element,12,221,T,C_Mismatch,0
ccmC t-element,13,221,G,C_Mismatch,0
ccmC t-element,14,225,A,C_Mismatch,0
ccmC t-element,15,225,A,C_Mismatch,0
ccmC t-element,16,225,T,C_Mismatch,0
ccmC t-element,17,232,G,C_Mismatch,0
ccmC t-element,18,234,G,C_Mismatch,0
ccmC t-element,19,234,T,C_Mismatch,0
ccmC t-element,20,234,T,C_Mismatch,0
ccmC t-element,21,234,A,C_Mismatch,0
ccmC t-element,22,234,A,C_Mismatch,0
ccmC t-element,23,235,A,C_Mismatch,0
ccmC t-element,24,235,G,C_Mismatch,0
ccmC t-element,25,235,C,C_Mismatch,0
ccmC t-element,26,253,G,C_Mismatch,37
ccmC t-element,27,254,C,C_Mismatch,0
ccmC t-element,28,255,C,C_Mismatch,0
ccmC t-element,29,255,C,C_Mismatch,0
ccmC t-element,30,255,A,C_Mismatch,0
ccmC t-element,31,256,A,C_Mismatch,0
ccmC t-element,32,256,C,C_Mismatch,0
ccmC t-element,33,256,C,C_Mismatch,0
ccmC t-element,34,256,T,C_Mismatch,0
ccmC t-element,35,257,A,C_Mismatch,0
ccmC t-element,36,281,A,C_Mismatch,3
ccmC t-element,37,288,T,C_Mismatch,0
ccmC t-element,38,289,A,C_Mismatch,0
ccmC t-element,39,289,A,C_Mismatch,0
ccmC t-element,40,286,A,C_Mismatch,2
ccmC t-element,41,284,G,C_Mismatch,0
ccmC t-element,42,284,A,C_Mismatch,0
ccmC t-element,43,284,G,C_Mismatch,0
ccmC t-element,44,284,G,C_Mismatch,0
ccmC t-element,45,282,C,C_Mismatch,0
ccmC t-element,46,273,A,C_Mismatch,0
ccmC t-element,47,264,A,C_Mismatch,0
ccmC t-element,50,264,G,C_Mismatch,0
ccmC t-element,51,264,T,C_Mismatch,0
ccmC t-element,52,263,A,C_Mismatch,0
ccmC t-element,53,263,G,C_Mismatch,0
ccmC t-element,54,263,G,C_Mismatch,0
ccmC t-element,55,263,T,C_Mismatch,0
ccmC t-element,56,263,T,C_Mismatch,0
ccmC t-element,57,263,C,C_Mismatch,0
ccmC t-element,58,263,G,C_Mismatch,0
ccmC t-element,59,263,A,C_Mismatch,0
ccmC t-element,60,263,T,C_Mismatch,0
ccmC t-element,61,263,T,C_Mismatch,0
ccmC t-element,62,263,C,C_Mismatch,0
ccmC t-element,63,263,C,C_Mismatch,0
ccmC t-element,64,263,T,C_Mismatch,0
ccmC t-element,65,142,G,C_Mismatch,0
ccmC t-element,66,142,C,C_Mismatch,0
ccmC t-element,67,142,T,C_Mismatch,0
ccmC t-element,68,142,G,C_Mismatch,0
ccmC t-element,69,142,G,C_Mismatch,0
ccmC t-element,70,142,A,C_Mismatch,1
ccmC t-element,71,142,T,C_Mismatch,0
ccmC t-element,72,142,G,C_Mismatch,0
ccmC t-element,73,139,C,C_Mismatch,0
ccmC t-element,74,136,A,C_Mismatch,4
ccmC t-element,75,136,C,C_Mismatch,0
ccmC t-element,76,124,C,C_Mismatch,0
ccmC t-element,77,90,A,C_Mismatch,0
ccmC t-element,1,219,G,G_Mismatch,0
ccmC t-element,2,221,C,G_Mismatch,0
ccmC t-element,3,221,A,G_Mismatch,0
ccmC t-element,4,221,T,G_Mismatch,0
ccmC t-element,5,221,C,G_Mismatch,0
ccmC t-element,6,221,C,G_Mismatch,0
ccmC t-element,7,221,A,G_Mismatch,0
ccmC t-element,8,221,T,G_Mismatch,0
ccmC t-element,9,221,G,G_Mismatch,0
ccmC t-element,10,221,G,G_Mismatch,0
ccmC t-element,11,221,C,G_Mismatch,0
ccmC t-element,12,221,T,G_Mismatch,0
ccmC t-element,13,221,G,G_Mismatch,0
ccmC t-element,14,225,A,G_Mismatch,0
ccmC t-element,15,225,A,G_Mismatch,0
ccmC t-element,16,225,T,G_Mismatch,0
ccmC t-element,17,232,G,G_Mismatch,0
ccmC t-element,18,234,G,G_Mismatch,0
ccmC t-element,19,234,T,G_Mismatch,0
ccmC t-element,20,234,T,G_Mismatch,0
ccmC t-element,21,234,A,G_Mismatch,0
ccmC t-element,22,234,A,G_Mismatch,1
ccmC t-element,23,235,A,G_Mismatch,0
ccmC t-element,24,235,G,G_Mismatch,0
ccmC t-element,25,235,C,G_Mismatch,0
ccmC t-element,26,253,G,G_Mismatch,0
ccmC t-element,27,254,C,G_Mismatch,0
ccmC t-element,28,255,C,G_Mismatch,0
ccmC t-element,29,255,C,G_Mismatch,0
ccmC t-element,30,255,A,G_Mismatch,0
ccmC t-element,31,256,A,G_Mismatch,0
ccmC t-element,32,256,C,G_Mismatch,0
ccmC t-element,33,256,C,G_Mismatch,0
ccmC t-element,34,256,T,G_Mismatch,1
ccmC t-element,35,257,A,G_Mismatch,1
ccmC t-element,36,281,A,G_Mismatch,2
ccmC t-element,37,288,T,G_Mismatch,0
ccmC t-element,38,289,A,G_Mismatch,0
ccmC t-element,39,289,A,G_Mismatch,0
ccmC t-element,40,286,A,G_Mismatch,1
ccmC t-element,41,284,G,G_Mismatch,0
ccmC t-element,42,284,A,G_Mismatch,0
ccmC t-element,43,284,G,G_Mismatch,0
ccmC t-element,44,284,G,G_Mismatch,0
ccmC t-element,45,282,C,G_Mismatch,0
ccmC t-element,46,273,A,G_Mismatch,0
ccmC t-element,47,264,A,G_Mismatch,0
ccmC t-element,50,264,G,G_Mismatch,0
ccmC t-element,51,264,T,G_Mismatch,0
ccmC t-element,52,263,A,G_Mismatch,0
ccmC t-element,53,263,G,G_Mismatch,0
ccmC t-element,54,263,G,G_Mismatch,0
ccmC t-element,55,263,T,G_Mismatch,0
ccmC t-element,56,263,T,G_Mismatch,0
ccmC t-element,57,263,C,G_Mismatch,0
ccmC t-element,58,263,G,G_Mismatch,0
ccmC t-element,59,263,A,G_Mismatch,0
ccmC t-element,60,263,T,G_Mismatch,0
ccmC t-element,61,263,T,G_Mismatch,0
ccmC t-element,62,263,C,G_Mismatch,0
ccmC t-element,63,263,C,G_Mismatch,0
ccmC t-element,64,263,T,G_Mismatch,0
ccmC t-element,65,142,G,G_Mismatch,0
ccmC t-element,66,142,C,G_Mismatch,0
ccmC t-element,67,142,T,G_Mismatch,0
ccmC t-element,68,142,G,G_Mismatch,0
ccmC t-element,69,142,G,G_Mismatch,0
ccmC t-element,70,142,A,G_Mismatch,0
ccmC t-element,71,142,T,G_Mismatch,0
ccmC t-element,72,142,G,G_Mismatch,0
ccmC t-element,73,139,C,G_Mismatch,0
ccmC t-element,74,136,A,G_Mismatch,0
ccmC t-element,75,136,C,G_Mismatch,0
ccmC t-element,76,124,C,G_Mismatch,0
ccmC t-element,77,90,A,G_Mismatch,0
ccmC t-element,1,219,G,T_Mismatch,0
ccmC t-element,2,221,C,T_Mismatch,0
ccmC t-element,3,221,A,T_Mismatch,0
ccmC t-element,4,221,T,T_Mismatch,0
ccmC t-element,5,221,C,T_Mismatch,0
ccmC t-element,6,221,C,T_Mismatch,0
ccmC t-element,7,221,A,T_Mismatch,0
ccmC t-element,8,221,T,T_Mismatch,0
ccmC t-element,9,221,G,T_Mismatch,0
ccmC t-element,10,221,G,T_Mismatch,0
ccmC t-element,11,221,C,T_Mismatch,0
ccmC t-element,12,221,T,T_Mismatch,0
ccmC t-element,13,221,G,T_Mismatch,0
ccmC t-element,14,225,A,T_Mismatch,0
ccmC t-element,15,225,A,T_Mismatch,0
ccmC t-element,16,225,T,T_Mismatch,0
ccmC t-element,17,232,G,T_Mismatch,0
ccmC t-element,18,234,G,T_Mismatch,0
ccmC t-element,19,234,T,T_Mismatch,0
ccmC t-element,20,234,T,T_Mismatch,0
ccmC t-element,21,234,A,T_Mismatch,0
ccmC t-element,22,234,A,T_Mismatch,0
ccmC t-element,23,235,A,T_Mismatch,0
ccmC t-element,24,235,G,T_Mismatch,0
ccmC t-element,25,235,C,T_Mismatch,0
ccmC t-element,26,253,G,T_Mismatch,3
ccmC t-element,27,254,C,T_Mismatch,0
ccmC t-element,28,255,C,T_Mismatch,0
ccmC t-element,29,255,C,T_Mismatch,0
ccmC t-element,30,255,A,T_Mismatch,0
ccmC t-element,31,256,A,T_Mismatch,1
ccmC t-element,32,256,C,T_Mismatch,0
ccmC t-element,33,256,C,T_Mismatch,0
ccmC t-element,34,256,T,T_Mismatch,0
ccmC t-element,35,257,A,T_Mismatch,0
ccmC t-element,36,281,A,T_Mismatch,2
ccmC t-element,37,288,T,T_Mismatch,0
ccmC t-element,38,289,A,T_Mismatch,3
ccmC t-element,39,289,A,T_Mismatch,1
ccmC t-element,40,286,A,T_Mismatch,0
ccmC t-element,41,284,G,T_Mismatch,0
ccmC t-element,42,284,A,T_Mismatch,0
ccmC t-element,43,284,G,T_Mismatch,0
ccmC t-element,44,284,G,T_Mismatch,0
ccmC t-element,45,282,C,T_Mismatch,0
ccmC t-element,46,273,A,T_Mismatch,0
ccmC t-element,47,264,A,T_Mismatch,0
ccmC t-element,50,264,G,T_Mismatch,0
ccmC t-element,51,264,T,T_Mismatch,0
ccmC t-element,52,263,A,T_Mismatch,0
ccmC t-element,53,263,G,T_Mismatch,0
ccmC t-element,54,263,G,T_Mismatch,0
ccmC t-element,55,263,T,T_Mismatch,0
ccmC t-element,56,263,T,T_Mismatch,0
ccmC t-element,57,263,C,T_Mismatch,0
ccmC t-element,58,263,G,T_Mismatch,0
ccmC t-element,59,263,A,T_Mismatch,0
ccmC t-element,60,263,T,T_Mismatch,0
ccmC t-element,61,263,T,T_Mismatch,0
ccmC t-element,62,263,C,T_Mismatch,0
ccmC t-element,63,263,C,T_Mismatch,0
ccmC t-element,64,263,T,T_Mismatch,0
ccmC t-element,65,142,G,T_Mismatch,0
ccmC t-element,66,142,C,T_Mismatch,0
ccmC t-element,67,142,T,T_Mismatch,0
ccmC t-element,68,142,G,T_Mismatch,0
ccmC t-element,69,142,G,T_Mismatch,0
ccmC t-element,70,142,A,T_Mismatch,0
ccmC t-element,71,142,T,T_Mismatch,0
ccmC t-element,72,142,G,T_Mismatch,0
ccmC t-element,73,139,C,T_Mismatch,0
ccmC t-element,74,136,A,T_Mismatch,0
ccmC t-element,75,136,C,T_Mismatch,0
ccmC t-element,76,124,C,T_Mismatch,0
ccmC t-element,77,90,A,T_Mismatch,0
ccmC t-element,1,219,G,Deletion,0
ccmC t-element,2,221,C,Deletion,0
ccmC t-element,3,221,A,Deletion,0
ccmC t-element,4,221,T,Deletion,0
ccmC t-element,5,221,C,Deletion,0
ccmC t-element,6,221,C,Deletion,0
ccmC t-element,7,221,A,Deletion,0
ccmC t-element,8,221,T,Deletion,0
ccmC t-element,9,221,G,Deletion,0
ccmC t-element,10,221,G,Deletion,0
ccmC t-element,11,221,C,Deletion,0
ccmC t-element,12,221,T,Deletion,0
ccmC t-element,13,221,G,Deletion,0
ccmC t-element,14,225,A,Deletion,0
ccmC t-element,15,225,A,Deletion,0
ccmC t-element,16,225,T,Deletion,0
ccmC t-element,17,232,G,Deletion,0
ccmC t-element,18,234,G,Deletion,0
ccmC t-element,19,234,T,Deletion,0
ccmC t-element,20,234,T,Deletion,0
ccmC t-element,21,234,A,Deletion,0
ccmC t-element,22,234,A,Deletion,0
ccmC t-element,23,235,A,Deletion,0
ccmC t-element,24,235,G,Deletion,0
ccmC t-element,25,235,C,Deletion,0
ccmC t-element,26,253,G,Deletion,86
ccmC t-element,27,254,C,Deletion,0
ccmC t-element,28,255,C,Deletion,0
ccmC t-element,29,255,C,Deletion,0
ccmC t-element,30,255,A,Deletion,0
ccmC t-element,31,256,A,Deletion,0
ccmC t-element,32,256,C,Deletion,0
ccmC t-element,33,256,C,Deletion,1
ccmC t-element,34,256,T,Deletion,6
ccmC t-element,35,257,A,Deletion,1
ccmC t-element,36,281,A,Deletion,6
ccmC t-element,37,288,T,Deletion,5
ccmC t-element,38,289,A,Deletion,1
ccmC t-element,39,289,A,Deletion,0
ccmC t-element,40,286,A,Deletion,0
ccmC t-element,41,284,G,Deletion,0
ccmC t-element,42,284,A,Deletion,0
ccmC t-element,43,284,G,Deletion,0
ccmC t-element,44,284,G,Deletion,0
ccmC t-element,45,282,C,Deletion,0
ccmC t-element,46,273,A,Deletion,0
ccmC t-element,47,264,A,Deletion,0
ccmC t-element,50,264,G,Deletion,0
ccmC t-element,51,264,T,Deletion,0
ccmC t-element,52,263,A,Deletion,0
ccmC t-element,53,263,G,Deletion,0
ccmC t-element,54,263,G,Deletion,0
ccmC t-element,55,263,T,Deletion,0
ccmC t-element,56,263,T,Deletion,0
ccmC t-element,57,263,C,Deletion,0
ccmC t-element,58,263,G,Deletion,0
ccmC t-element,59,263,A,Deletion,0
ccmC t-element,60,263,T,Deletion,0
ccmC t-element,61,263,T,Deletion,0
ccmC t-element,62,263,C,Deletion,0
ccmC t-element,63,263,C,Deletion,0
ccmC t-element,64,263,T,Deletion,0
ccmC t-element,65,142,G,Deletion,0
ccmC t-element,66,142,C,Deletion,0
ccmC t-element,67,142,T,Deletion,0
ccmC t-element,68,142,G,Deletion,0
ccmC t-element,69,142,G,Deletion,0
ccmC t-element,70,142,A,Deletion,0
ccmC t-element,71,142,T,Deletion,0
ccmC t-element,72,142,G,Deletion,0
ccmC t-element,73,139,C,Deletion,0
ccmC t-element,74,136,A,Deletion,0
ccmC t-element,75,136,C,Deletion,0
ccmC t-element,76,124,C,Deletion,0
ccmC t-element,77,90,A,Deletion,0
Plastid IleCAT,1,58361,G,Reference,58305
Plastid IleCAT,2,58673,C,Reference,58617
Plastid IleCAT,3,58826,A,Reference,58742
Plastid IleCAT,4,58889,T,Reference,58810
Plastid IleCAT,5,58969,C,Reference,58923
Plastid IleCAT,6,58986,C,Reference,58936
Plastid IleCAT,7,59002,A,Reference,58965
Plastid IleCAT,8,59035,T,Reference,58998
Plastid IleCAT,9,59081,G,Reference,59027
Plastid IleCAT,10,59241,G,Reference,59189
Plastid IleCAT,11,59423,C,Reference,59368
Plastid IleCAT,12,59780,T,Reference,59691
Plastid IleCAT,13,59826,G,Reference,59746
Plastid IleCAT,14,59884,A,Reference,59774
Plastid IleCAT,15,59899,A,Reference,59846
Plastid IleCAT,16,59948,T,Reference,59893
Plastid IleCAT,17,60113,G,Reference,59342
Plastid IleCAT,18,61474,G,Reference,61365
Plastid IleCAT,19,62079,T,Reference,61973
Plastid IleCAT,20,62369,T,Reference,62178
Plastid IleCAT,21,62515,A,Reference,62402
Plastid IleCAT,22,62641,A,Reference,62498
Plastid IleCAT,23,62793,A,Reference,62528
Plastid IleCAT,24,63039,G,Reference,62394
Plastid IleCAT,25,63343,C,Reference,61923
Plastid IleCAT,26,68346,G,Reference,7410
Plastid IleCAT,27,169837,C,Reference,169138
Plastid IleCAT,28,171490,C,Reference,170966
Plastid IleCAT,29,171868,C,Reference,171625
Plastid IleCAT,30,172230,A,Reference,169977
Plastid IleCAT,31,172861,A,Reference,163745
Plastid IleCAT,32,176676,C,Reference,143002
Plastid IleCAT,33,188428,T,Reference,21071
Plastid IleCAT,34,207046,C,Reference,37467
Plastid IleCAT,35,319002,A,Reference,317655
Plastid IleCAT,36,322129,T,Reference,319827
Plastid IleCAT,37,323932,A,Reference,320785
Plastid IleCAT,38,324261,A,Reference,321933
Plastid IleCAT,39,324457,T,Reference,321531
Plastid IleCAT,40,324594,T,Reference,324034
Plastid IleCAT,41,324669,G,Reference,324486
Plastid IleCAT,42,324674,G,Reference,324552
Plastid IleCAT,43,324672,C,Reference,324476
Plastid IleCAT,44,324672,G,Reference,324563
Plastid IleCAT,45,324672,A,Reference,324560
Plastid IleCAT,46,324662,A,Reference,324548
Plastid IleCAT,47,324660,T,Reference,324540
Plastid IleCAT,48,324652,T,Reference,324561
Plastid IleCAT,49,324652,C,Reference,324581
Plastid IleCAT,50,324652,G,Reference,324570
Plastid IleCAT,51,324651,T,Reference,324458
Plastid IleCAT,52,324649,A,Reference,324525
Plastid IleCAT,53,324647,G,Reference,324599
Plastid IleCAT,54,324644,G,Reference,324569
Plastid IleCAT,55,324644,T,Reference,324441
Plastid IleCAT,56,324641,T,Reference,324508
Plastid IleCAT,57,324641,C,Reference,324583
Plastid IleCAT,58,324641,A,Reference,324504
Plastid IleCAT,59,324641,A,Reference,324533
Plastid IleCAT,60,324641,T,Reference,324495
Plastid IleCAT,61,324640,T,Reference,324451
Plastid IleCAT,62,324637,C,Reference,324563
Plastid IleCAT,63,324637,C,Reference,324585
Plastid IleCAT,64,324635,T,Reference,324473
Plastid IleCAT,65,228394,A,Reference,228282
Plastid IleCAT,66,228392,C,Reference,228342
Plastid IleCAT,67,228392,T,Reference,228288
Plastid IleCAT,68,228392,G,Reference,228313
Plastid IleCAT,69,228392,G,Reference,228368
Plastid IleCAT,70,228392,A,Reference,228253
Plastid IleCAT,71,228391,T,Reference,228269
Plastid IleCAT,72,228376,G,Reference,226951
Plastid IleCAT,73,226647,C,Reference,226441
Plastid IleCAT,74,217551,A,Reference,215556
Plastid IleCAT,75,213868,C,Reference,212662
Plastid IleCAT,76,122798,C,Reference,119150
Plastid IleCAT,77,91555,A,Reference,90986
Plastid IleCAT,1,58361,G,A_Mismatch,25
Plastid IleCAT,2,58673,C,A_Mismatch,8
Plastid IleCAT,3,58826,A,A_Mismatch,0
Plastid IleCAT,4,58889,T,A_Mismatch,37
Plastid IleCAT,5,58969,C,A_Mismatch,13
Plastid IleCAT,6,58986,C,A_Mismatch,31
Plastid IleCAT,7,59002,A,A_Mismatch,0
Plastid IleCAT,8,59035,T,A_Mismatch,5
Plastid IleCAT,9,59081,G,A_Mismatch,18
Plastid IleCAT,10,59241,G,A_Mismatch,21
Plastid IleCAT,11,59423,C,A_Mismatch,15
Plastid IleCAT,12,59780,T,A_Mismatch,12
Plastid IleCAT,13,59826,G,A_Mismatch,46
Plastid IleCAT,14,59884,A,A_Mismatch,0
Plastid IleCAT,15,59899,A,A_Mismatch,0
Plastid IleCAT,16,59948,T,A_Mismatch,9
Plastid IleCAT,17,60113,G,A_Mismatch,6
Plastid IleCAT,18,61474,G,A_Mismatch,41
Plastid IleCAT,19,62079,T,A_Mismatch,30
Plastid IleCAT,20,62369,T,A_Mismatch,128
Plastid IleCAT,21,62515,A,A_Mismatch,0
Plastid IleCAT,22,62641,A,A_Mismatch,0
Plastid IleCAT,23,62793,A,A_Mismatch,0
Plastid IleCAT,24,63039,G,A_Mismatch,385
Plastid IleCAT,25,63343,C,A_Mismatch,331
Plastid IleCAT,26,68346,G,A_Mismatch,1259
Plastid IleCAT,27,169837,C,A_Mismatch,134
Plastid IleCAT,28,171490,C,A_Mismatch,14
Plastid IleCAT,29,171868,C,A_Mismatch,24
Plastid IleCAT,30,172230,A,A_Mismatch,0
Plastid IleCAT,31,172861,A,A_Mismatch,0
Plastid IleCAT,32,176676,C,A_Mismatch,415
Plastid IleCAT,33,188428,T,A_Mismatch,2703
Plastid IleCAT,34,207046,C,A_Mismatch,140815
Plastid IleCAT,35,319002,A,A_Mismatch,0
Plastid IleCAT,36,322129,T,A_Mismatch,1120
Plastid IleCAT,37,323932,A,A_Mismatch,0
Plastid IleCAT,38,324261,A,A_Mismatch,0
Plastid IleCAT,39,324457,T,A_Mismatch,862
Plastid IleCAT,40,324594,T,A_Mismatch,174
Plastid IleCAT,41,324669,G,A_Mismatch,53
Plastid IleCAT,42,324674,G,A_Mismatch,32
Plastid IleCAT,43,324672,C,A_Mismatch,26
Plastid IleCAT,44,324672,G,A_Mismatch,58
Plastid IleCAT,45,324672,A,A_Mismatch,0
Plastid IleCAT,46,324662,A,A_Mismatch,0
Plastid IleCAT,47,324660,T,A_Mismatch,3
Plastid IleCAT,48,324652,T,A_Mismatch,18
Plastid IleCAT,49,324652,C,A_Mismatch,8
Plastid IleCAT,50,324652,G,A_Mismatch,23
Plastid IleCAT,51,324651,T,A_Mismatch,18
Plastid IleCAT,52,324649,A,A_Mismatch,0
Plastid IleCAT,53,324647,G,A_Mismatch,11
Plastid IleCAT,54,324644,G,A_Mismatch,31
Plastid IleCAT,55,324644,T,A_Mismatch,21
Plastid IleCAT,56,324641,T,A_Mismatch,17
Plastid IleCAT,57,324641,C,A_Mismatch,14
Plastid IleCAT,58,324641,A,A_Mismatch,0
Plastid IleCAT,59,324641,A,A_Mismatch,0
Plastid IleCAT,60,324641,T,A_Mismatch,14
Plastid IleCAT,61,324640,T,A_Mismatch,31
Plastid IleCAT,62,324637,C,A_Mismatch,28
Plastid IleCAT,63,324637,C,A_Mismatch,9
Plastid IleCAT,64,324635,T,A_Mismatch,15
Plastid IleCAT,65,228394,A,A_Mismatch,0
Plastid IleCAT,66,228392,C,A_Mismatch,20
Plastid IleCAT,67,228392,T,A_Mismatch,20
Plastid IleCAT,68,228392,G,A_Mismatch,20
Plastid IleCAT,69,228392,G,A_Mismatch,9
Plastid IleCAT,70,228392,A,A_Mismatch,0
Plastid IleCAT,71,228391,T,A_Mismatch,30
Plastid IleCAT,72,228376,G,A_Mismatch,78
Plastid IleCAT,73,226647,C,A_Mismatch,130
Plastid IleCAT,74,217551,A,A_Mismatch,0
Plastid IleCAT,75,213868,C,A_Mismatch,932
Plastid IleCAT,76,122798,C,A_Mismatch,3369
Plastid IleCAT,77,91555,A,A_Mismatch,0
Plastid IleCAT,1,58361,G,C_Mismatch,8
Plastid IleCAT,2,58673,C,C_Mismatch,0
Plastid IleCAT,3,58826,A,C_Mismatch,13
Plastid IleCAT,4,58889,T,C_Mismatch,23
Plastid IleCAT,5,58969,C,C_Mismatch,0
Plastid IleCAT,6,58986,C,C_Mismatch,0
Plastid IleCAT,7,59002,A,C_Mismatch,0
Plastid IleCAT,8,59035,T,C_Mismatch,4
Plastid IleCAT,9,59081,G,C_Mismatch,1
Plastid IleCAT,10,59241,G,C_Mismatch,14
Plastid IleCAT,11,59423,C,C_Mismatch,0
Plastid IleCAT,12,59780,T,C_Mismatch,39
Plastid IleCAT,13,59826,G,C_Mismatch,21
Plastid IleCAT,14,59884,A,C_Mismatch,11
Plastid IleCAT,15,59899,A,C_Mismatch,6
Plastid IleCAT,16,59948,T,C_Mismatch,11
Plastid IleCAT,17,60113,G,C_Mismatch,8
Plastid IleCAT,18,61474,G,C_Mismatch,3
Plastid IleCAT,19,62079,T,C_Mismatch,54
Plastid IleCAT,20,62369,T,C_Mismatch,51
Plastid IleCAT,21,62515,A,C_Mismatch,29
Plastid IleCAT,22,62641,A,C_Mismatch,24
Plastid IleCAT,23,62793,A,C_Mismatch,71
Plastid IleCAT,24,63039,G,C_Mismatch,79
Plastid IleCAT,25,63343,C,C_Mismatch,0
Plastid IleCAT,26,68346,G,C_Mismatch,22425
Plastid IleCAT,27,169837,C,C_Mismatch,0
Plastid IleCAT,28,171490,C,C_Mismatch,0
Plastid IleCAT,29,171868,C,C_Mismatch,0
Plastid IleCAT,30,172230,A,C_Mismatch,1606
Plastid IleCAT,31,172861,A,C_Mismatch,1548
Plastid IleCAT,32,176676,C,C_Mismatch,0
Plastid IleCAT,33,188428,T,C_Mismatch,123553
Plastid IleCAT,34,207046,C,C_Mismatch,0
Plastid IleCAT,35,319002,A,C_Mismatch,368
Plastid IleCAT,36,322129,T,C_Mismatch,615
Plastid IleCAT,37,323932,A,C_Mismatch,653
Plastid IleCAT,38,324261,A,C_Mismatch,440
Plastid IleCAT,39,324457,T,C_Mismatch,238
Plastid IleCAT,40,324594,T,C_Mismatch,141
Plastid IleCAT,41,324669,G,C_Mismatch,30
Plastid IleCAT,42,324674,G,C_Mismatch,21
Plastid IleCAT,43,324672,C,C_Mismatch,0
Plastid IleCAT,44,324672,G,C_Mismatch,9
Plastid IleCAT,45,324672,A,C_Mismatch,0
Plastid IleCAT,46,324662,A,C_Mismatch,5
Plastid IleCAT,47,324660,T,C_Mismatch,53
Plastid IleCAT,48,324652,T,C_Mismatch,36
Plastid IleCAT,49,324652,C,C_Mismatch,0
Plastid IleCAT,50,324652,G,C_Mismatch,10
Plastid IleCAT,51,324651,T,C_Mismatch,49
Plastid IleCAT,52,324649,A,C_Mismatch,2
Plastid IleCAT,53,324647,G,C_Mismatch,8
Plastid IleCAT,54,324644,G,C_Mismatch,7
Plastid IleCAT,55,324644,T,C_Mismatch,102
Plastid IleCAT,56,324641,T,C_Mismatch,81
Plastid IleCAT,57,324641,C,C_Mismatch,0
Plastid IleCAT,58,324641,A,C_Mismatch,4
Plastid IleCAT,59,324641,A,C_Mismatch,3
Plastid IleCAT,60,324641,T,C_Mismatch,65
Plastid IleCAT,61,324640,T,C_Mismatch,101
Plastid IleCAT,62,324637,C,C_Mismatch,0
Plastid IleCAT,63,324637,C,C_Mismatch,0
Plastid IleCAT,64,324635,T,C_Mismatch,76
Plastid IleCAT,65,228394,A,C_Mismatch,6
Plastid IleCAT,66,228392,C,C_Mismatch,0
Plastid IleCAT,67,228392,T,C_Mismatch,58
Plastid IleCAT,68,228392,G,C_Mismatch,7
Plastid IleCAT,69,228392,G,C_Mismatch,1
Plastid IleCAT,70,228392,A,C_Mismatch,1
Plastid IleCAT,71,228391,T,C_Mismatch,63
Plastid IleCAT,72,228376,G,C_Mismatch,1310
Plastid IleCAT,73,226647,C,C_Mismatch,0
Plastid IleCAT,74,217551,A,C_Mismatch,1858
Plastid IleCAT,75,213868,C,C_Mismatch,0
Plastid IleCAT,76,122798,C,C_Mismatch,0
Plastid IleCAT,77,91555,A,C_Mismatch,176
Plastid IleCAT,1,58361,G,G_Mismatch,0
Plastid IleCAT,2,58673,C,G_Mismatch,20
Plastid IleCAT,3,58826,A,G_Mismatch,37
Plastid IleCAT,4,58889,T,G_Mismatch,8
Plastid IleCAT,5,58969,C,G_Mismatch,13
Plastid IleCAT,6,58986,C,G_Mismatch,4
Plastid IleCAT,7,59002,A,G_Mismatch,15
Plastid IleCAT,8,59035,T,G_Mismatch,18
Plastid IleCAT,9,59081,G,G_Mismatch,0
Plastid IleCAT,10,59241,G,G_Mismatch,0
Plastid IleCAT,11,59423,C,G_Mismatch,8
Plastid IleCAT,12,59780,T,G_Mismatch,19
Plastid IleCAT,13,59826,G,G_Mismatch,0
Plastid IleCAT,14,59884,A,G_Mismatch,41
Plastid IleCAT,15,59899,A,G_Mismatch,13
Plastid IleCAT,16,59948,T,G_Mismatch,20
Plastid IleCAT,17,60113,G,G_Mismatch,0
Plastid IleCAT,18,61474,G,G_Mismatch,0
Plastid IleCAT,19,62079,T,G_Mismatch,7
Plastid IleCAT,20,62369,T,G_Mismatch,4
Plastid IleCAT,21,62515,A,G_Mismatch,38
Plastid IleCAT,22,62641,A,G_Mismatch,55
Plastid IleCAT,23,62793,A,G_Mismatch,101
Plastid IleCAT,24,63039,G,G_Mismatch,0
Plastid IleCAT,25,63343,C,G_Mismatch,360
Plastid IleCAT,26,68346,G,G_Mismatch,0
Plastid IleCAT,27,169837,C,G_Mismatch,12
Plastid IleCAT,28,171490,C,G_Mismatch,12
Plastid IleCAT,29,171868,C,G_Mismatch,141
Plastid IleCAT,30,172230,A,G_Mismatch,198
Plastid IleCAT,31,172861,A,G_Mismatch,85
Plastid IleCAT,32,176676,C,G_Mismatch,124
Plastid IleCAT,33,188428,T,G_Mismatch,408
Plastid IleCAT,34,207046,C,G_Mismatch,921
Plastid IleCAT,35,319002,A,G_Mismatch,371
Plastid IleCAT,36,322129,T,G_Mismatch,404
Plastid IleCAT,37,323932,A,G_Mismatch,646
Plastid IleCAT,38,324261,A,G_Mismatch,512
Plastid IleCAT,39,324457,T,G_Mismatch,160
Plastid IleCAT,40,324594,T,G_Mismatch,158
Plastid IleCAT,41,324669,G,G_Mismatch,0
Plastid IleCAT,42,324674,G,G_Mismatch,0
Plastid IleCAT,43,324672,C,G_Mismatch,30
Plastid IleCAT,44,324672,G,G_Mismatch,0
Plastid IleCAT,45,324672,A,G_Mismatch,51
Plastid IleCAT,46,324662,A,G_Mismatch,47
Plastid IleCAT,47,324660,T,G_Mismatch,6
Plastid IleCAT,48,324652,T,G_Mismatch,5
Plastid IleCAT,49,324652,C,G_Mismatch,8
Plastid IleCAT,50,324652,G,G_Mismatch,0
Plastid IleCAT,51,324651,T,G_Mismatch,16
Plastid IleCAT,52,324649,A,G_Mismatch,79
Plastid IleCAT,53,324647,G,G_Mismatch,0
Plastid IleCAT,54,324644,G,G_Mismatch,0
Plastid IleCAT,55,324644,T,G_Mismatch,5
Plastid IleCAT,56,324641,T,G_Mismatch,2
Plastid IleCAT,57,324641,C,G_Mismatch,6
Plastid IleCAT,58,324641,A,G_Mismatch,79
Plastid IleCAT,59,324641,A,G_Mismatch,59
Plastid IleCAT,60,324641,T,G_Mismatch,5
Plastid IleCAT,61,324640,T,G_Mismatch,2
Plastid IleCAT,62,324637,C,G_Mismatch,3
Plastid IleCAT,63,324637,C,G_Mismatch,2
Plastid IleCAT,64,324635,T,G_Mismatch,6
Plastid IleCAT,65,228394,A,G_Mismatch,54
Plastid IleCAT,66,228392,C,G_Mismatch,4
Plastid IleCAT,67,228392,T,G_Mismatch,2
Plastid IleCAT,68,228392,G,G_Mismatch,0
Plastid IleCAT,69,228392,G,G_Mismatch,0
Plastid IleCAT,70,228392,A,G_Mismatch,74
Plastid IleCAT,71,228391,T,G_Mismatch,7
Plastid IleCAT,72,228376,G,G_Mismatch,0
Plastid IleCAT,73,226647,C,G_Mismatch,9
Plastid IleCAT,74,217551,A,G_Mismatch,76
Plastid IleCAT,75,213868,C,G_Mismatch,52
Plastid IleCAT,76,122798,C,G_Mismatch,147
Plastid IleCAT,77,91555,A,G_Mismatch,77
Plastid IleCAT,1,58361,G,T_Mismatch,23
Plastid IleCAT,2,58673,C,T_Mismatch,26
Plastid IleCAT,3,58826,A,T_Mismatch,22
Plastid IleCAT,4,58889,T,T_Mismatch,0
Plastid IleCAT,5,58969,C,T_Mismatch,15
Plastid IleCAT,6,58986,C,T_Mismatch,8
Plastid IleCAT,7,59002,A,T_Mismatch,9
Plastid IleCAT,8,59035,T,T_Mismatch,0
Plastid IleCAT,9,59081,G,T_Mismatch,20
Plastid IleCAT,10,59241,G,T_Mismatch,10
Plastid IleCAT,11,59423,C,T_Mismatch,27
Plastid IleCAT,12,59780,T,T_Mismatch,0
Plastid IleCAT,13,59826,G,T_Mismatch,8
Plastid IleCAT,14,59884,A,T_Mismatch,46
Plastid IleCAT,15,59899,A,T_Mismatch,20
Plastid IleCAT,16,59948,T,T_Mismatch,0
Plastid IleCAT,17,60113,G,T_Mismatch,19
Plastid IleCAT,18,61474,G,T_Mismatch,48
Plastid IleCAT,19,62079,T,T_Mismatch,0
Plastid IleCAT,20,62369,T,T_Mismatch,0
Plastid IleCAT,21,62515,A,T_Mismatch,34
Plastid IleCAT,22,62641,A,T_Mismatch,57
Plastid IleCAT,23,62793,A,T_Mismatch,83
Plastid IleCAT,24,63039,G,T_Mismatch,150
Plastid IleCAT,25,63343,C,T_Mismatch,257
Plastid IleCAT,26,68346,G,T_Mismatch,1223
Plastid IleCAT,27,169837,C,T_Mismatch,74
Plastid IleCAT,28,171490,C,T_Mismatch,38
Plastid IleCAT,29,171868,C,T_Mismatch,30
Plastid IleCAT,30,172230,A,T_Mismatch,35
Plastid IleCAT,31,172861,A,T_Mismatch,231
Plastid IleCAT,32,176676,C,T_Mismatch,106
Plastid IleCAT,33,188428,T,T_Mismatch,0
Plastid IleCAT,34,207046,C,T_Mismatch,14936
Plastid IleCAT,35,319002,A,T_Mismatch,228
Plastid IleCAT,36,322129,T,T_Mismatch,0
Plastid IleCAT,37,323932,A,T_Mismatch,1662
Plastid IleCAT,38,324261,A,T_Mismatch,1131
Plastid IleCAT,39,324457,T,T_Mismatch,0
Plastid IleCAT,40,324594,T,T_Mismatch,0
Plastid IleCAT,41,324669,G,T_Mismatch,40
Plastid IleCAT,42,324674,G,T_Mismatch,46
Plastid IleCAT,43,324672,C,T_Mismatch,83
Plastid IleCAT,44,324672,G,T_Mismatch,15
Plastid IleCAT,45,324672,A,T_Mismatch,24
Plastid IleCAT,46,324662,A,T_Mismatch,24
Plastid IleCAT,47,324660,T,T_Mismatch,0
Plastid IleCAT,48,324652,T,T_Mismatch,0
Plastid IleCAT,49,324652,C,T_Mismatch,25
Plastid IleCAT,50,324652,G,T_Mismatch,8
Plastid IleCAT,51,324651,T,T_Mismatch,0
Plastid IleCAT,52,324649,A,T_Mismatch,9
Plastid IleCAT,53,324647,G,T_Mismatch,12
Plastid IleCAT,54,324644,G,T_Mismatch,11
Plastid IleCAT,55,324644,T,T_Mismatch,0
Plastid IleCAT,56,324641,T,T_Mismatch,0
Plastid IleCAT,57,324641,C,T_Mismatch,23
Plastid IleCAT,58,324641,A,T_Mismatch,8
Plastid IleCAT,59,324641,A,T_Mismatch,22
Plastid IleCAT,60,324641,T,T_Mismatch,0
Plastid IleCAT,61,324640,T,T_Mismatch,0
Plastid IleCAT,62,324637,C,T_Mismatch,17
Plastid IleCAT,63,324637,C,T_Mismatch,13
Plastid IleCAT,64,324635,T,T_Mismatch,0
Plastid IleCAT,65,228394,A,T_Mismatch,18
Plastid IleCAT,66,228392,C,T_Mismatch,9
Plastid IleCAT,67,228392,T,T_Mismatch,0
Plastid IleCAT,68,228392,G,T_Mismatch,16
Plastid IleCAT,69,228392,G,T_Mismatch,5
Plastid IleCAT,70,228392,A,T_Mismatch,32
Plastid IleCAT,71,228391,T,T_Mismatch,0
Plastid IleCAT,72,228376,G,T_Mismatch,3
Plastid IleCAT,73,226647,C,T_Mismatch,44
Plastid IleCAT,74,217551,A,T_Mismatch,41
Plastid IleCAT,75,213868,C,T_Mismatch,209
Plastid IleCAT,76,122798,C,T_Mismatch,123
Plastid IleCAT,77,91555,A,T_Mismatch,308
Plastid IleCAT,1,58361,G,Deletion,0
Plastid IleCAT,2,58673,C,Deletion,0
Plastid IleCAT,3,58826,A,Deletion,0
Plastid IleCAT,4,58889,T,Deletion,0
Plastid IleCAT,5,58969,C,Deletion,1
Plastid IleCAT,6,58986,C,Deletion,0
Plastid IleCAT,7,59002,A,Deletion,2
Plastid IleCAT,8,59035,T,Deletion,0
Plastid IleCAT,9,59081,G,Deletion,8
Plastid IleCAT,10,59241,G,Deletion,1
Plastid IleCAT,11,59423,C,Deletion,0
Plastid IleCAT,12,59780,T,Deletion,4
Plastid IleCAT,13,59826,G,Deletion,0
Plastid IleCAT,14,59884,A,Deletion,0
Plastid IleCAT,15,59899,A,Deletion,0
Plastid IleCAT,16,59948,T,Deletion,5
Plastid IleCAT,17,60113,G,Deletion,734
Plastid IleCAT,18,61474,G,Deletion,14
Plastid IleCAT,19,62079,T,Deletion,4
Plastid IleCAT,20,62369,T,Deletion,0
Plastid IleCAT,21,62515,A,Deletion,4
Plastid IleCAT,22,62641,A,Deletion,0
Plastid IleCAT,23,62793,A,Deletion,3
Plastid IleCAT,24,63039,G,Deletion,25
Plastid IleCAT,25,63343,C,Deletion,470
Plastid IleCAT,26,68346,G,Deletion,36022
Plastid IleCAT,27,169837,C,Deletion,469
Plastid IleCAT,28,171490,C,Deletion,445
Plastid IleCAT,29,171868,C,Deletion,42
Plastid IleCAT,30,172230,A,Deletion,399
Plastid IleCAT,31,172861,A,Deletion,7216
Plastid IleCAT,32,176676,C,Deletion,33027
Plastid IleCAT,33,188428,T,Deletion,40673
Plastid IleCAT,34,207046,C,Deletion,12861
Plastid IleCAT,35,319002,A,Deletion,327
Plastid IleCAT,36,322129,T,Deletion,123
Plastid IleCAT,37,323932,A,Deletion,153
Plastid IleCAT,38,324261,A,Deletion,157
Plastid IleCAT,39,324457,T,Deletion,1623
Plastid IleCAT,40,324594,T,Deletion,12
Plastid IleCAT,41,324669,G,Deletion,29
Plastid IleCAT,42,324674,G,Deletion,3
Plastid IleCAT,43,324672,C,Deletion,22
Plastid IleCAT,44,324672,G,Deletion,2
Plastid IleCAT,45,324672,A,Deletion,19
Plastid IleCAT,46,324662,A,Deletion,0
Plastid IleCAT,47,324660,T,Deletion,35
Plastid IleCAT,48,324652,T,Deletion,1
Plastid IleCAT,49,324652,C,Deletion,1
Plastid IleCAT,50,324652,G,Deletion,13
Plastid IleCAT,51,324651,T,Deletion,1
Plastid IleCAT,52,324649,A,Deletion,4
Plastid IleCAT,53,324647,G,Deletion,1
Plastid IleCAT,54,324644,G,Deletion,0
Plastid IleCAT,55,324644,T,Deletion,13
Plastid IleCAT,56,324641,T,Deletion,0
Plastid IleCAT,57,324641,C,Deletion,2
Plastid IleCAT,58,324641,A,Deletion,9
Plastid IleCAT,59,324641,A,Deletion,0
Plastid IleCAT,60,324641,T,Deletion,0
Plastid IleCAT,61,324640,T,Deletion,0
Plastid IleCAT,62,324637,C,Deletion,1
Plastid IleCAT,63,324637,C,Deletion,5
Plastid IleCAT,64,324635,T,Deletion,6
Plastid IleCAT,65,228394,A,Deletion,10
Plastid IleCAT,66,228392,C,Deletion,1
Plastid IleCAT,67,228392,T,Deletion,1
Plastid IleCAT,68,228392,G,Deletion,22
Plastid IleCAT,69,228392,G,Deletion,0
Plastid IleCAT,70,228392,A,Deletion,5
Plastid IleCAT,71,228391,T,Deletion,0
Plastid IleCAT,72,228376,G,Deletion,3
Plastid IleCAT,73,226647,C,Deletion,2
Plastid IleCAT,74,217551,A,Deletion,0
Plastid IleCAT,75,213868,C,Deletion,0
Plastid IleCAT,76,122798,C,Deletion,0
Plastid IleCAT,77,91555,A,Deletion,0